No.,シリーズ,舞台,シリーズアイコン,ハード,表示順
1,赤・緑,カントー地方,RGBP.png,GB,1
1b,青,カントー地方,Blue.png,,2
1p,ピカチュウ,カントー地方,Pika.png,,3
2,金・銀,ジョウト地方,GSC.png,,4
2b,クリスタル,ジョウト地方,Crystal.png,,5
3,ルビー・サファイア,ホウエン地方,RSE.png,アドバンス,6
1c,ファイアレッド・リーフグリーン,カントー地方,FRLG.png,,7
3b,エメラルド,ホウエン地方,Emerald.png,,8
4,ダイヤモンド・パール,シンオウ地方,DPP.png,DS,9
4b,プラチナ,シンオウ地方,Pt.png,,10
2c,ハートゴールド・ソウルシルバー,ジョウト地方,HGSS.png,,11
5,ブラック・ホワイト,イッシュ地方,BW.png,,12
5b,ブラック2・ホワイト2,イッシュ地方,BW2.png,,13
6,X・Y,カロス地方,XY.png,3DS,14
3c,オメガルビー・アルファサファイア,ホウエン地方,ORAS.png,,15
7,サン・ムーン,アローラ地方,SM.png,,16
7b,ウルトラサン・ウルトラムーン,アローラ地方,USUM.png,,17
pv,Let's go!ピカチュウ・Let's go!イーブイ,カントー地方,LPLE.png,switch,18
8,ソード・シールド,ガラル地方,SWSE.png,,19
4c,ブリリアントダイヤモンド・シャイニングパール,シンオウ地方,BDSP.png,,20
8l,Pokémon LEGENDS アルセウス,ヒスイ地方,LA.png,,21
9,スカーレット・バイオレット,パルデア地方,SV.png,,22
6l,Pokémon LEGENDS Z-A,カロス地方,ZA.png,,23
10,ウインド・ウェーブ,,,switch2,24
pb,ポケモンボックス ルビー&サファイア,ポケモンボックス,,キューブ,
a1,アニメ ポケットモンスター,アニメ ポケットモンスター,,,
a2,アニメ ポケットモンスター アドバンスジェネレーション,アニメ ポケットモンスター アドバンスジェネレーション,,,
a3,アニメ ポケットモンスター ダイヤモンド&パール,アニメ ポケットモンスター ダイヤモンド&パール,,,
a4,アニメ ポケットモンスター ベストウイッシュ,アニメ ポケットモンスター ベストウイッシュ,,,
a5,アニメ ポケットモンスター XY,アニメ ポケットモンスター XY,,,
a6,アニメ ポケットモンスター サン&ムーン,アニメ ポケットモンスター サン&ムーン,,,
a7,アニメ ポケットモンスター（サトシとゴウ）,アニメ ポケットモンスター（サトシとゴウ）,,,
a8,アニメ ポケットモンスター（リコとロイ）,アニメ ポケットモンスター（リコとロイ）,,,
m1,映画 ミュウツーの逆襲,映画 ミュウツーの逆襲,,,
m2,映画 幻のポケモン ルギア爆誕,映画 幻のポケモン ルギア爆誕,,,
m3,映画 結晶塔の帝王 ENTEI,映画 結晶塔の帝王 ENTEI,,,
m4,映画 セレビィ 時を超えた遭遇,映画 セレビィ 時を超えた遭遇,,,
m5,映画 水の都の護神 ラティアスとラティオス,映画 水の都の護神 ラティアスとラティオス,,,
m6,映画 七夜の願い星 ジラーチ,映画 七夜の願い星 ジラーチ,,,
m7,映画 裂空の訪問者 デオキシス,映画 裂空の訪問者 デオキシス,,,
m8,映画 ミュウと波導の勇者 ルカリオ,映画 ミュウと波導の勇者 ルカリオ,,,
m9,映画 ポケモンレンジャーと蒼海の王子 マナフィ,映画 ポケモンレンジャーと蒼海の王子 マナフィ,,,
m10,映画 ディアルガVSパルキアVSダークライ,映画 ディアルガVSパルキアVSダークライ,,,
m11,映画 ギラティナと氷空の花束 シェイミ,映画 ギラティナと氷空の花束 シェイミ,,,
m12,映画 アルセウス 超克の時空へ,映画 アルセウス 超克の時空へ,,,
m13,映画 幻影の覇者 ゾロアーク,映画 幻影の覇者 ゾロアーク,,,
m14,映画 ビクティニと黒き英雄 ゼクロム/白き英雄 レシラム,映画 ビクティニと黒き英雄 ゼクロム/白き英雄 レシラム,,,
m15,映画 キュレムVS聖剣士 ケルディオ,映画 キュレムVS聖剣士 ケルディオ,,,
m16,映画 神速のゲノセクト ミュウツー覚醒,映画 神速のゲノセクト ミュウツー覚醒,,,
m17,映画 破壊の繭とディアンシー,映画 破壊の繭とディアンシー,,,
m18,映画 光輪の超魔神 フーパ,映画 光輪の超魔神 フーパ,,,
m19,映画 ボルケニオンと機巧のマギアナ,映画 ボルケニオンと機巧のマギアナ,,,
m20,映画 キミにきめた!,映画 キミにきめた!,,,
m21,映画 みんなの物語,映画 みんなの物語,,,
m22,映画 ミュウツーの逆襲 EVOLUTION,映画 ミュウツーの逆襲 EVOLUTION,,,
m23,映画 ココ,映画 ココ,,,